{
"lengthUnit": "mil",
"components": {
	"fields": ["COMPONENT_NO", "COMPONENT_NAME", "LAYER", "X_COORDINATE", "Y_COORDINATE", "ANGLE"],
	"rows": [
		[1, "_", "B", 885, 210, 180],
		[2, "+", "B", 150, 215, 270],
		[3, "ANT", "T", 2235, 85, 270],
		[4, "BOOT", "B", 2155, 355, 180],
		[5, "C1", "T", 330, 55, 180],
		[6, "C2", "T", 695, 255, 0],
		[7, "C3", "T", 790, 160, 270],
		[8, "C4", "T", 695, 325, 180],
		[9, "C5", "T", 830, 60, 180],
		[10, "C6", "T", 970, 35, 0],
		[11, "C7", "T", 1100, 35, 0],
		[12, "C8", "T", 1355, 425, 0],
		[13, "C9", "T", 2040, 115, 0],
		[14, "C10", "T", 1990, 155, 180],
		[15, "C11", "T", 1690, 230, 90],
		[16, "C12", "T", 1660, 75, 90],
		[17, "C13", "T", 1630, 440, 0],
		[18, "C14", "T", 1465, 415, 0],
		[19, "C15", "T", 1230, 405, 0],
		[20, "C18", "T", 1735, 85, 270],
		[21, "C19", "T", 1915, 55, 90],
		[22, "C20", "T", 2045, 410, 90],
		[23, "C21", "T", 2240, 250, 270],
		[24, "C22", "B", 260, 180, 0],
		[25, "C23", "B", 380, 340, 0],
		[26, "C24", "B", 120, 30, 180],
		[27, "C25", "B", 290, 85, 180],
		[28, "C26", "B", 835, 350, 0],
		[29, "C27", "B", 765, 420, 0],
		[30, "C28", "B", 880, 425, 180],
		[31, "C29", "B", 400, 35, 0],
		[32, "C30", "B", 400, 85, 0],
		[33, "C31", "T", 2105, 245, 270],
		[34, "CTG", "T", 2230, 435, 0],
		[35, "D1", "T", 340, 415, 180],
		[36, "D2", "T", 115, 445, 0],
		[37, "D3", "T", 330, 185, 180],
		[38, "D4", "T", 320, 240, 0],
		[39, "D5", "T", 1125, 305, 270],
		[40, "D6", "B", 360, 415, 180],
		[41, "ESP", "T", 1865, 315, 180],
		[42, "L1", "T", 1350, 385, 0],
		[43, "L2", "T", 1960, 45, 270],
		[44, "L3", "T", 2170, 225, 180],
		[45, "OLED", "B", 530, 195, 180],
		[46, "Q1", "T", 1060, 200, 180],
		[47, "R1", "T", 335, 130, 0],
		[48, "R2", "T", 325, 305, 180],
		[49, "R3", "T", 700, 120, 270],
		[50, "R4", "T", 535, 50, 0],
		[51, "R5", "T", 955, 315, 180],
		[52, "R6", "T", 950, 410, 0],
		[53, "R7", "T", 730, 390, 0],
		[54, "R8", "T", 1060, 100, 0],
		[55, "R9", "T", 1110, 415, 0],
		[56, "R10", "B", 2155, 415, 270],
		[57, "R11", "B", 2215, 415, 270],
		[58, "R12", "T", 2135, 360, 0],
		[59, "R13", "B", 265, 250, 180],
		[60, "R14", "B", 375, 170, 0],
		[61, "R15", "B", 380, 230, 0],
		[62, "R16", "B", 380, 280, 0],
		[63, "R17", "B", 550, 410, 0],
		[64, "RST", "B", 2215, 355, 180],
		[65, "SW", "T", 2230, 335, 0],
		[66, "SW1", "B", 50, 235, 90],
		[67, "SYS", "B", 190, 350, 180],
		[68, "TCH", "B", 2250, 315, 180],
		[69, "U1", "T", 530, 285, 0],
		[70, "U2", "T", 900, 165, 0],
		[71, "U3", "T", 1295, 190, 90],
		[72, "U4", "T", 1545, 210, 0],
		[73, "USBC", "T", 130, 235, 270],
		[74, "X1", "T", 1820, 85, 90],
		[75, "PAD1", "B", 2165, 305, 0]
	]
},
"pins": {
	"fields": ["PIN_NO", "PIN_NAME", "PIN_X", "PIN_Y", "LAYER", "PIN_TYPE", "NET_NAME", "NET_TYPE", "PAD_SHAPE", "PAD_SIZEX", "PAD_SIZEY", "HOLE_SIZE", "PAD_ANGLE"],
	"rows": [
		[1, "__1", 884.99, 209.99, "B", "SMD", "GND", "GND", "R", 118.11, 118.11, 0, 0],
		[2, "+_1", 150.01, 214.99, "B", "SMD", "SW1_C", "", "R", 118.11, 78.74, 0, 90],
		[3, "ANT_1", 2235.13, 140.12, "T", "SMD", "ANT_1", "", "R", 47.24, 68.9, 0, 270],
		[4, "ANT_2", 2234.87, 29.88, "T", "SMD", "ANT_2", "", "R", 47.24, 68.9, 0, 270],
		[5, "BOOT_P", 2155, 355, "B", "SMD", "BOOT", "", "R", 39.37, 19.68, 0, 0],
		[6, "C1_1", 369.37, 55, "T", "SMD", "GND", "GND", "R", 55.51, 53.15, 0, 180],
		[7, "C1_2", 290.63, 55, "T", "SMD", "C1_2", "", "R", 55.51, 53.15, 0, 180],
		[8, "C2_1", 673.54, 255, "T", "SMD", "R3_1", "", "R", 31.11, 21.26, 0, 0],
		[9, "C2_2", 716.46, 255, "T", "SMD", "GND", "GND", "R", 31.11, 21.26, 0, 0],
		[10, "C3_1", 790, 187.56, "T", "SMD", "U2_5", "", "R", 31.5, 35.43, 0, 270],
		[11, "C3_2", 790, 132.44, "T", "SMD", "GND", "GND", "R", 31.5, 35.43, 0, 270],
		[12, "C4_1", 716.46, 325, "T", "SMD", "GND", "GND", "R", 31.11, 21.26, 0, 180],
		[13, "C4_2", 673.54, 325, "T", "SMD", "BATVCC", "", "R", 31.11, 21.26, 0, 180],
		[14, "C5_1", 857.56, 60, "T", "SMD", "U3_2", "", "R", 31.5, 35.43, 0, 180],
		[15, "C5_2", 802.44, 60, "T", "SMD", "GND", "GND", "R", 31.5, 35.43, 0, 180],
		[16, "C6_1", 948.54, 35, "T", "SMD", "GND", "GND", "R", 31.11, 21.26, 0, 0],
		[17, "C6_2", 991.46, 35, "T", "SMD", "U3_2", "", "R", 31.11, 21.26, 0, 0],
		[18, "C7_1", 1078.54, 35, "T", "SMD", "GND", "GND", "R", 31.11, 21.26, 0, 0],
		[19, "C7_2", 1121.46, 35, "T", "SMD", "U3_2", "", "R", 31.11, 21.26, 0, 0],
		[20, "C8_1", 1333.54, 425, "T", "SMD", "GND", "GND", "R", 31.11, 21.26, 0, 0],
		[21, "C8_2", 1376.46, 425, "T", "SMD", "VDD33", "", "R", 31.11, 21.26, 0, 0],
		[22, "C9_1", 2018.54, 115, "T", "SMD", "VDD33", "", "R", 31.11, 21.26, 0, 0],
		[23, "C9_2", 2061.46, 115, "T", "SMD", "C9_2", "", "R", 31.11, 21.26, 0, 0],
		[24, "C10_1", 2000.8, 155, "T", "SMD", "C9_2", "", "R", 14.51, 12.76, 0, 180],
		[25, "C10_2", 1979.2, 155, "T", "SMD", "VDD33", "", "R", 14.51, 12.76, 0, 180],
		[26, "C11_1", 1690, 208.54, "T", "SMD", "VDD33", "", "R", 31.11, 21.26, 0, 90],
		[27, "C11_2", 1690, 251.46, "T", "SMD", "GND", "GND", "R", 31.11, 21.26, 0, 90],
		[28, "C12_1", 1660, 53.54, "T", "SMD", "GND", "GND", "R", 31.11, 21.26, 0, 90],
		[29, "C12_2", 1660, 96.46, "T", "SMD", "VDD33", "", "R", 31.11, 21.26, 0, 90],
		[30, "C13_1", 1608.54, 440, "T", "SMD", "GND", "GND", "R", 31.11, 21.26, 0, 0],
		[31, "C13_2", 1651.46, 440, "T", "SMD", "VDD_SPI", "", "R", 31.11, 21.26, 0, 0],
		[32, "C14_1", 1443.54, 415, "T", "SMD", "GND", "GND", "R", 31.11, 21.26, 0, 0],
		[33, "C14_2", 1486.46, 415, "T", "SMD", "VDD_SPI", "", "R", 31.11, 21.26, 0, 0],
		[34, "C15_1", 1202.44, 405, "T", "SMD", "BATADC", "", "R", 31.5, 35.43, 0, 0],
		[35, "C15_2", 1257.56, 405, "T", "SMD", "GND", "GND", "R", 31.5, 35.43, 0, 0],
		[36, "C18_1", 1735, 106.46, "T", "SMD", "XTAL_N", "", "R", 31.11, 21.26, 0, 270],
		[37, "C18_2", 1735, 63.54, "T", "SMD", "GND", "GND", "R", 31.11, 21.26, 0, 270],
		[38, "C19_1", 1915, 33.54, "T", "SMD", "L2_2", "", "R", 31.11, 21.26, 0, 90],
		[39, "C19_2", 1915, 76.46, "T", "SMD", "GND", "GND", "R", 31.11, 21.26, 0, 90],
		[40, "C20_1", 2045, 388.54, "T", "SMD", "CTGSW", "", "R", 31.11, 21.26, 0, 90],
		[41, "C20_2", 2045, 431.46, "T", "SMD", "VDD33", "", "R", 31.11, 21.26, 0, 90],
		[42, "C21_1", 2240, 271.46, "T", "SMD", "GND", "GND", "R", 31.11, 21.26, 0, 270],
		[43, "C21_2", 2240, 228.54, "T", "SMD", "ANT_1", "", "R", 31.11, 21.26, 0, 270],
		[44, "C22_1", 238.54, 180, "B", "SMD", "SYSSW", "", "R", 31.11, 21.26, 0, 180],
		[45, "C22_2", 281.46, 180, "B", "SMD", "VDD33", "", "R", 31.11, 21.26, 0, 180],
		[46, "C23_1", 352.44, 340, "B", "SMD", "GND", "GND", "R", 31.5, 35.43, 0, 180],
		[47, "C23_2", 407.56, 340, "B", "SMD", "RST", "", "R", 31.5, 35.43, 0, 180],
		[48, "C24_1", 141.46, 30, "B", "SMD", "VDD33", "", "R", 31.11, 21.26, 0, 0],
		[49, "C24_2", 98.54, 30, "B", "SMD", "GND", "GND", "R", 31.11, 21.26, 0, 0],
		[50, "C25_1", 317.56, 85, "B", "SMD", "VDD33", "", "R", 31.5, 35.43, 0, 0],
		[51, "C25_2", 262.44, 85, "B", "SMD", "GND", "GND", "R", 31.5, 35.43, 0, 0],
		[52, "C26_1", 795.63, 350, "B", "SMD", "OLED_13", "", "R", 55.51, 53.15, 0, 180],
		[53, "C26_2", 874.37, 350, "B", "SMD", "GND", "GND", "R", 55.51, 53.15, 0, 180],
		[54, "C27_1", 737.44, 420, "B", "SMD", "OLED_14", "", "R", 31.5, 35.43, 0, 180],
		[55, "C27_2", 792.56, 420, "B", "SMD", "GND", "GND", "R", 31.5, 35.43, 0, 180],
		[56, "C28_1", 907.56, 425, "B", "SMD", "GND", "GND", "R", 31.5, 35.43, 0, 0],
		[57, "C28_2", 852.44, 425, "B", "SMD", "OLED_14", "", "R", 31.5, 35.43, 0, 0],
		[58, "C29_1", 378.54, 35, "B", "SMD", "OLED_2", "", "R", 31.11, 21.26, 0, 180],
		[59, "C29_2", 421.46, 35, "B", "SMD", "OLED_1", "", "R", 31.11, 21.26, 0, 180],
		[60, "C30_1", 378.54, 85, "B", "SMD", "OLED_4", "", "R", 31.11, 21.26, 0, 180],
		[61, "C30_2", 421.46, 85, "B", "SMD", "OLED_3", "", "R", 31.11, 21.26, 0, 180],
		[62, "C31_1", 2105, 266.46, "T", "SMD", "GND", "GND", "R", 31.11, 21.26, 0, 270],
		[63, "C31_2", 2105, 223.54, "T", "SMD", "ANT", "", "R", 31.11, 21.26, 0, 270],
		[64, "CTG_P", 2230, 435, "T", "SMD", "VDD33", "", "R", 78.74, 59.06, 0, 0],
		[65, "D1_1", 386.16, 415, "T", "SMD", "VBUS", "", "R", 39.37, 29.53, 0, 180],
		[66, "D1_2", 293.84, 415, "T", "SMD", "C1_2", "", "R", 39.37, 29.53, 0, 180],
		[67, "D2_1", 85.48, 445, "T", "SMD", "GND", "GND", "R", 23.62, 15.75, 0, 0],
		[68, "D2_2", 144.52, 445, "T", "SMD", "C1_2", "", "R", 23.62, 15.75, 0, 180],
		[69, "D3_1", 359.52, 185, "T", "SMD", "GND", "GND", "R", 23.62, 15.75, 0, 180],
		[70, "D3_2", 300.48, 185, "T", "SMD", "USB_D+_FILT", "", "R", 23.62, 15.75, 0, 0],
		[71, "D4_1", 290.48, 240, "T", "SMD", "USB_D-_FILT", "", "R", 23.62, 15.75, 0, 0],
		[72, "D4_2", 349.52, 240, "T", "SMD", "GND", "GND", "R", 23.62, 15.75, 0, 180],
		[73, "D5_1", 1125, 352.24, "T", "SMD", "BATADC", "", "R", 31.5, 31.5, 0, 270],
		[74, "D5_2", 1125, 257.76, "T", "SMD", "GND", "GND", "R", 31.5, 31.5, 0, 270],
		[75, "D6_1", 426.63, 415, "B", "SMD", "RST", "", "R", 37.4, 45.28, 0, 0],
		[76, "D6_2", 293.37, 415, "B", "SMD", "VDD33", "", "R", 37.4, 45.28, 0, 0],
		[77, "ESP_1", 1999.15, 212.63, "T", "SMD", "ANT", "", "R", 26.18, 7.87, 0, 180],
		[78, "ESP_2", 1999.15, 228.38, "T", "SMD", "VDD33", "", "R", 26.18, 7.87, 0, 180],
		[79, "ESP_3", 1999.15, 244.13, "T", "SMD", "VDD33", "", "R", 26.18, 7.87, 0, 180],
		[80, "ESP_4", 1999.15, 259.87, "T", "SMD", "ENABLE", "", "R", 26.18, 7.87, 0, 180],
		[81, "ESP_5", 1999.15, 275.62, "T", "SMD", "BOOT", "", "R", 26.18, 7.87, 0, 180],
		[82, "ESP_6", 1999.15, 291.37, "T", "SMD", "ESP_6", "", "R", 26.18, 7.87, 0, 180],
		[83, "ESP_7", 1999.15, 307.12, "T", "SMD", "ESP_7", "", "R", 26.18, 7.87, 0, 180],
		[84, "ESP_8", 1999.15, 322.87, "T", "SMD", "ESP_8", "", "R", 26.18, 7.87, 0, 180],
		[85, "ESP_9", 1999.15, 338.61, "T", "SMD", "SCL", "", "R", 26.18, 7.87, 0, 180],
		[86, "ESP_10", 1999.15, 354.36, "T", "SMD", "SDA", "", "R", 26.18, 7.87, 0, 180],
		[87, "ESP_11", 1999.15, 370.11, "T", "SMD", "ESP_11", "", "R", 26.18, 7.87, 0, 180],
		[88, "ESP_12", 1999.15, 385.86, "T", "SMD", "ESP_12", "", "R", 26.18, 7.87, 0, 180],
		[89, "ESP_13", 1999.15, 401.61, "T", "SMD", "CTGSW", "", "R", 26.18, 7.87, 0, 180],
		[90, "ESP_14", 1999.15, 417.35, "T", "SMD", "BATADC", "", "R", 26.18, 7.87, 0, 180],
		[91, "ESP_15", 1967.36, 449.16, "T", "SMD", "ESP_15", "", "R", 7.87, 26.18, 0, 180],
		[92, "ESP_16", 1951.61, 449.16, "T", "SMD", "ESP_16", "", "R", 7.87, 26.18, 0, 180],
		[93, "ESP_17", 1935.87, 449.16, "T", "SMD", "ESP_17", "", "R", 7.87, 26.18, 0, 180],
		[94, "ESP_18", 1920.12, 449.16, "T", "SMD", "ESP_18", "", "R", 7.87, 26.18, 0, 180],
		[95, "ESP_19", 1904.37, 449.16, "T", "SMD", "ESP_19", "", "R", 7.87, 26.18, 0, 180],
		[96, "ESP_20", 1888.62, 449.16, "T", "SMD", "VDD33", "", "R", 7.87, 26.18, 0, 180],
		[97, "ESP_21", 1872.88, 449.16, "T", "SMD", "ESP_21", "", "R", 7.87, 26.18, 0, 180],
		[98, "ESP_22", 1857.13, 449.16, "T", "SMD", "ESP_22", "", "R", 7.87, 26.18, 0, 180],
		[99, "ESP_23", 1841.38, 449.16, "T", "SMD", "ESP_23", "", "R", 7.87, 26.18, 0, 180],
		[100, "ESP_24", 1825.62, 449.16, "T", "SMD", "ESP_24", "", "R", 7.87, 26.18, 0, 180],
		[101, "ESP_25", 1809.88, 449.16, "T", "SMD", "USB_D-_FILT", "", "R", 7.87, 26.18, 0, 180],
		[102, "ESP_26", 1794.14, 449.16, "T", "SMD", "USB_D+_FILT", "", "R", 7.87, 26.18, 0, 180],
		[103, "ESP_27", 1778.39, 449.16, "T", "SMD", "ESP_27", "", "R", 7.87, 26.18, 0, 180],
		[104, "ESP_28", 1762.64, 449.16, "T", "SMD", "ESP_28", "", "R", 7.87, 26.18, 0, 180],
		[105, "ESP_29", 1730.84, 417.35, "T", "SMD", "VDD_SPI", "", "R", 26.18, 7.87, 0, 180],
		[106, "ESP_30", 1730.84, 401.61, "T", "SMD", "SPIHD", "", "R", 26.18, 7.87, 0, 180],
		[107, "ESP_31", 1730.84, 385.86, "T", "SMD", "SPIWP", "", "R", 26.18, 7.87, 0, 180],
		[108, "ESP_32", 1730.84, 370.11, "T", "SMD", "SPICS0", "", "R", 26.18, 7.87, 0, 180],
		[109, "ESP_33", 1730.84, 354.36, "T", "SMD", "SPICLK", "", "R", 26.18, 7.87, 0, 180],
		[110, "ESP_34", 1730.84, 338.61, "T", "SMD", "SPIQ", "", "R", 26.18, 7.87, 0, 180],
		[111, "ESP_35", 1730.84, 322.87, "T", "SMD", "SPID", "", "R", 26.18, 7.87, 0, 180],
		[112, "ESP_36", 1730.84, 307.12, "T", "SMD", "ESP_36", "", "R", 26.18, 7.87, 0, 180],
		[113, "ESP_37", 1730.84, 291.37, "T", "SMD", "ESP_37", "", "R", 26.18, 7.87, 0, 180],
		[114, "ESP_38", 1730.84, 275.62, "T", "SMD", "ESP_38", "", "R", 26.18, 7.87, 0, 180],
		[115, "ESP_39", 1730.84, 259.87, "T", "SMD", "ESP_39", "", "R", 26.18, 7.87, 0, 180],
		[116, "ESP_40", 1730.84, 244.13, "T", "SMD", "ESP_40", "", "R", 26.18, 7.87, 0, 180],
		[117, "ESP_41", 1730.84, 228.38, "T", "SMD", "ESP_41", "", "R", 26.18, 7.87, 0, 180],
		[118, "ESP_42", 1730.84, 212.63, "T", "SMD", "SYSSW", "", "R", 26.18, 7.87, 0, 180],
		[119, "ESP_43", 1762.64, 180.84, "T", "SMD", "ESP_43", "", "R", 7.87, 26.18, 0, 180],
		[120, "ESP_44", 1778.39, 180.84, "T", "SMD", "ESP_44", "", "R", 7.87, 26.18, 0, 180],
		[121, "ESP_45", 1794.14, 180.84, "T", "SMD", "ESP_45", "", "R", 7.87, 26.18, 0, 180],
		[122, "ESP_46", 1809.88, 180.84, "T", "SMD", "VDD33", "", "R", 7.87, 26.18, 0, 180],
		[123, "ESP_47", 1825.62, 180.84, "T", "SMD", "ESP_47", "", "R", 7.87, 26.18, 0, 180],
		[124, "ESP_48", 1841.38, 180.84, "T", "SMD", "ESP_48", "", "R", 7.87, 26.18, 0, 180],
		[125, "ESP_49", 1857.13, 180.84, "T", "SMD", "ESP_49", "", "R", 7.87, 26.18, 0, 180],
		[126, "ESP_50", 1872.88, 180.84, "T", "SMD", "ESP_50", "", "R", 7.87, 26.18, 0, 180],
		[127, "ESP_51", 1888.62, 180.84, "T", "SMD", "ESP_51", "", "R", 7.87, 26.18, 0, 180],
		[128, "ESP_52", 1904.37, 180.84, "T", "SMD", "ESP_52", "", "R", 7.87, 26.18, 0, 180],
		[129, "ESP_53", 1920.12, 180.84, "T", "SMD", "XTAL_N", "", "R", 7.87, 26.18, 0, 180],
		[130, "ESP_54", 1935.87, 180.84, "T", "SMD", "XTAL_P", "", "R", 7.87, 26.18, 0, 180],
		[131, "ESP_55", 1951.61, 180.84, "T", "SMD", "VDD33", "", "R", 7.87, 26.18, 0, 180],
		[132, "ESP_56", 1967.36, 180.84, "T", "SMD", "VDD33", "", "R", 7.87, 26.18, 0, 180],
		[133, "ESP_57", 1865, 314.99, "T", "SMD", "GND", "GND", "R", 157.48, 157.48, 0, 180],
		[134, "L1_1", 1328.54, 385, "T", "SMD", "U3_2", "", "R", 31.11, 21.26, 0, 0],
		[135, "L1_2", 1371.46, 385, "T", "SMD", "VDD33", "", "R", 31.11, 21.26, 0, 0],
		[136, "L2_1", 1960, 68.62, "T", "SMD", "XTAL_P", "", "R", 23.62, 23.62, 0, 270],
		[137, "L2_2", 1960, 21.38, "T", "SMD", "L2_2", "", "R", 23.62, 23.62, 0, 270],
		[138, "L3_1", 2191.46, 225, "T", "SMD", "ANT_1", "", "R", 31.11, 21.26, 0, 180],
		[139, "L3_2", 2148.54, 225, "T", "SMD", "ANT", "", "R", 31.11, 21.26, 0, 180],
		[140, "OLED_1", 530, 36.34, "B", "SMD", "OLED_1", "", "R", 118.11, 15.75, 0, 0],
		[141, "OLED_2", 530, 60.75, "B", "SMD", "OLED_2", "", "R", 118.11, 15.75, 0, 0],
		[142, "OLED_3", 530, 85.16, "B", "SMD", "OLED_3", "", "R", 118.11, 15.75, 0, 0],
		[143, "OLED_4", 530, 109.57, "B", "SMD", "OLED_4", "", "R", 118.11, 15.75, 0, 0],
		[144, "OLED_5", 530, 133.98, "B", "SMD", "VDD33", "", "R", 118.11, 15.75, 0, 0],
		[145, "OLED_6", 530, 158.39, "B", "SMD", "OLED_6", "", "R", 118.11, 15.75, 0, 0],
		[146, "OLED_7", 530, 182.8, "B", "SMD", "GND", "GND", "R", 118.11, 15.75, 0, 0],
		[147, "OLED_8", 530, 207.2, "B", "SMD", "VDD33", "", "R", 118.11, 15.75, 0, 0],
		[148, "OLED_9", 530, 231.61, "B", "SMD", "RST", "", "R", 118.11, 15.75, 0, 0],
		[149, "OLED_10", 530, 256.02, "B", "SMD", "SCL", "", "R", 118.11, 15.75, 0, 0],
		[150, "OLED_11", 530, 280.43, "B", "SMD", "SDA", "", "R", 118.11, 15.75, 0, 0],
		[151, "OLED_12", 530, 304.84, "B", "SMD", "OLED_12", "", "R", 118.11, 15.75, 0, 0],
		[152, "OLED_13", 530, 329.25, "B", "SMD", "OLED_13", "", "R", 118.11, 15.75, 0, 0],
		[153, "OLED_14", 530, 353.66, "B", "SMD", "OLED_14", "", "R", 118.11, 15.75, 0, 0],
		[154, "Q1_1", 1022.6, 225.59, "T", "SMD", "GND", "GND", "R", 16.54, 23.62, 0, 270],
		[155, "Q1_2", 1022.6, 200, "T", "SMD", "U2_1", "", "R", 16.54, 23.62, 0, 270],
		[156, "Q1_3", 1022.6, 174.41, "T", "SMD", "Q1_6", "", "R", 16.54, 23.62, 0, 270],
		[157, "Q1_4", 1097.4, 174.41, "T", "SMD", "GND", "GND", "R", 16.54, 23.62, 0, 90],
		[158, "Q1_5", 1097.4, 200, "T", "SMD", "U2_3", "", "R", 16.54, 23.62, 0, 90],
		[159, "Q1_6", 1097.4, 225.59, "T", "SMD", "Q1_6", "", "R", 16.54, 23.62, 0, 90],
		[160, "R1_1", 305.34, 130, "T", "SMD", "USBC_B5", "", "R", 31.75, 34.02, 0, 0],
		[161, "R1_2", 364.66, 130, "T", "SMD", "GND", "GND", "R", 31.75, 34.02, 0, 0],
		[162, "R2_1", 354.66, 305, "T", "SMD", "GND", "GND", "R", 31.75, 34.02, 0, 180],
		[163, "R2_2", 295.34, 305, "T", "SMD", "USBC_A5", "", "R", 31.75, 34.02, 0, 180],
		[164, "R3_1", 700, 178.22, "T", "SMD", "R3_1", "", "R", 47.54, 66.97, 0, 270],
		[165, "R3_2", 700, 61.78, "T", "SMD", "VBUS", "", "R", 47.54, 66.97, 0, 270],
		[166, "R4_1", 475.26, 50, "T", "SMD", "GND", "GND", "R", 59.05, 61.65, 0, 0],
		[167, "R4_2", 594.74, 50, "T", "SMD", "U1_2", "", "R", 59.05, 61.65, 0, 0],
		[168, "R5_1", 1013.22, 315, "T", "SMD", "BATVLT", "", "R", 47.54, 66.97, 0, 180],
		[169, "R5_2", 896.78, 315, "T", "SMD", "GND", "GND", "R", 47.54, 66.97, 0, 180],
		[170, "R6_1", 891.78, 410, "T", "SMD", "BATVCC", "", "R", 47.54, 66.97, 0, 0],
		[171, "R6_2", 1008.22, 410, "T", "SMD", "BATVLT", "", "R", 47.54, 66.97, 0, 0],
		[172, "R7_1", 671.78, 390, "T", "SMD", "BATVCC", "", "R", 47.54, 66.97, 0, 0],
		[173, "R7_2", 788.22, 390, "T", "SMD", "U2_5", "", "R", 47.54, 66.97, 0, 0],
		[174, "R8_1", 1001.78, 100, "T", "SMD", "U2_2", "", "R", 47.54, 66.97, 0, 0],
		[175, "R8_2", 1118.22, 100, "T", "SMD", "GND", "GND", "R", 47.54, 66.97, 0, 0],
		[176, "R9_1", 1080.34, 415, "T", "SMD", "BATVLT", "", "R", 31.75, 34.02, 0, 0],
		[177, "R9_2", 1139.66, 415, "T", "SMD", "BATADC", "", "R", 31.75, 34.02, 0, 0],
		[178, "R10_1", 2155, 444.66, "B", "SMD", "VDD33", "", "R", 31.75, 34.02, 0, 90],
		[179, "R10_2", 2155, 385.34, "B", "SMD", "BOOT", "", "R", 31.75, 34.02, 0, 90],
		[180, "R11_1", 2215, 444.66, "B", "SMD", "VDD33", "", "R", 31.75, 34.02, 0, 90],
		[181, "R11_2", 2215, 385.34, "B", "SMD", "ENABLE", "", "R", 31.75, 34.02, 0, 90],
		[182, "R12_1", 2105.34, 360, "T", "SMD", "GND", "GND", "R", 31.75, 34.02, 0, 0],
		[183, "R12_2", 2164.66, 360, "T", "SMD", "CTGSW", "", "R", 31.75, 34.02, 0, 0],
		[184, "R13_1", 294.66, 250, "B", "SMD", "GND", "GND", "R", 31.75, 34.02, 0, 0],
		[185, "R13_2", 235.34, 250, "B", "SMD", "SYSSW", "", "R", 31.75, 34.02, 0, 0],
		[186, "R14_1", 345.34, 170, "B", "SMD", "VDD33", "", "R", 31.75, 34.02, 0, 180],
		[187, "R14_2", 404.66, 170, "B", "SMD", "RST", "", "R", 31.75, 34.02, 0, 180],
		[188, "R15_1", 350.34, 230, "B", "SMD", "VDD33", "", "R", 31.75, 34.02, 0, 180],
		[189, "R15_2", 409.66, 230, "B", "SMD", "SCL", "", "R", 31.75, 34.02, 0, 180],
		[190, "R16_1", 350.34, 280, "B", "SMD", "VDD33", "", "R", 31.75, 34.02, 0, 180],
		[191, "R16_2", 409.66, 280, "B", "SMD", "SDA", "", "R", 31.75, 34.02, 0, 180],
		[192, "R17_1", 491.78, 410, "B", "SMD", "OLED_12", "", "R", 47.54, 66.97, 0, 180],
		[193, "R17_2", 608.22, 410, "B", "SMD", "GND", "GND", "R", 47.54, 66.97, 0, 180],
		[194, "RST_P", 2215, 355, "B", "SMD", "ENABLE", "", "R", 39.37, 19.68, 0, 0],
		[195, "SW_P", 2230, 335, "T", "SMD", "CTGSW", "", "R", 78.74, 78.74, 0, 0],
		[196, "SW1_1", 74.8, 195.63, "B", "SMD", "BATVCC", "", "R", 27.56, 23.62, 0, 180],
		[197, "SW1_2", 74.8, 274.37, "B", "SMD", "SW1_2", "", "R", 27.56, 23.62, 0, 180],
		[198, "SW1_4", 25.2, 353.11, "B", "SMD", "SW1_4", "", "R", 35.43, 27.56, 0, 90],
		[199, "SW1_5", 25.2, 116.89, "B", "SMD", "SW1_5", "", "R", 35.43, 27.56, 0, 90],
		[200, "SW1_C", 74.8, 235, "B", "SMD", "SW1_C", "", "R", 27.56, 23.62, 0, 180],
		[201, "SYS_1", 276.02, 350, "B", "SMD", "SYSSW", "", "R", 48.42, 53.54, 0, 0],
		[202, "SYS_2", 103.98, 350, "B", "SMD", "VDD33", "", "R", 48.42, 53.54, 0, 0],
		[203, "TCH_P", 2250, 315, "B", "SMD", "ESP_7", "", "R", 39.37, 39.37, 0, 0],
		[204, "U1_1", 455, 170.5, "T", "SMD", "GND", "GND", "R", 23.62, 47.24, 0, 0],
		[205, "U1_2", 505, 170.5, "T", "SMD", "U1_2", "", "R", 23.62, 47.24, 0, 0],
		[206, "U1_3", 555, 170.5, "T", "SMD", "GND", "GND", "R", 23.62, 47.24, 0, 0],
		[207, "U1_4", 605, 170.5, "T", "SMD", "VBUS", "", "R", 23.62, 47.24, 0, 0],
		[208, "U1_5", 605, 399.5, "T", "SMD", "BATVCC", "", "R", 23.62, 47.24, 0, 0],
		[209, "U1_6", 555, 399.5, "T", "SMD", "U1_6", "", "R", 23.62, 47.24, 0, 0],
		[210, "U1_7", 505, 399.5, "T", "SMD", "U1_7", "", "R", 23.62, 47.24, 0, 0],
		[211, "U1_8", 455, 399.5, "T", "SMD", "VBUS", "", "R", 23.62, 47.24, 0, 0],
		[212, "U1_9", 530, 285, "T", "SMD", "GND", "GND", "R", 129.92, 94.49, 0, 180],
		[213, "U2_1", 862.6, 119.76, "T", "SMD", "U2_1", "", "R", 20.95, 42.2, 0, 0],
		[214, "U2_2", 900, 119.76, "T", "SMD", "U2_2", "", "R", 20.95, 42.2, 0, 0],
		[215, "U2_3", 937.4, 119.76, "T", "SMD", "U2_3", "", "R", 20.95, 42.2, 0, 0],
		[216, "U2_4", 937.4, 210.24, "T", "SMD", "U2_4", "", "R", 20.95, 42.2, 0, 0],
		[217, "U2_5", 900, 210.24, "T", "SMD", "U2_5", "", "R", 20.95, 42.2, 0, 0],
		[218, "U2_6", 862.6, 210.24, "T", "SMD", "GND", "GND", "R", 20.95, 42.2, 0, 0],
		[219, "U3_1", 1385.55, 301.61, "T", "SMD", "GND", "GND", "R", 97.24, 38.58, 0, 90],
		[220, "U3_2", 1295, 301.61, "T", "SMD", "U3_2", "", "R", 97.24, 38.58, 0, 90],
		[221, "U3_3", 1204.45, 301.61, "T", "SMD", "BATVCC", "", "R", 97.24, 38.58, 0, 90],
		[222, "U3_4", 1295, 78.39, "T", "SMD", "U3_2", "", "R", 97.24, 141.73, 0, 90],
		[223, "U4_1", 1470, 70.54, "T", "SMD", "SPICS0", "", "O", 23.98, 86.79, 0, 0],
		[224, "U4_2", 1520, 70.54, "T", "SMD", "SPIQ", "", "O", 23.98, 86.79, 0, 0],
		[225, "U4_3", 1570, 70.54, "T", "SMD", "SPIWP", "", "O", 23.98, 86.79, 0, 0],
		[226, "U4_4", 1620, 70.54, "T", "SMD", "GND", "GND", "O", 23.98, 86.79, 0, 0],
		[227, "U4_5", 1620, 349.46, "T", "SMD", "SPID", "", "O", 23.98, 86.79, 0, 0],
		[228, "U4_6", 1570, 349.46, "T", "SMD", "SPICLK", "", "O", 23.98, 86.79, 0, 0],
		[229, "U4_7", 1520, 349.46, "T", "SMD", "SPIHD", "", "O", 23.98, 86.79, 0, 0],
		[230, "U4_8", 1470, 349.46, "T", "SMD", "VDD_SPI", "", "O", 23.98, 86.79, 0, 0],
		[231, "USBC_1", 201.17, 405.08, "T", "DIP", "GND", "GND", "O", 39.37, 82.68, 66.93, 270],
		[232, "USBC_1", 201.17, 405.08, "B", "DIP", "GND", "GND", "O", 39.37, 82.68, 66.93, 270],
		[233, "USBC_2", 36.6, 405.08, "T", "DIP", "GND", "GND", "O", 39.37, 70.87, 55.12, 270],
		[234, "USBC_2", 36.6, 405.08, "B", "DIP", "GND", "GND", "O", 39.37, 70.87, 55.12, 270],
		[235, "USBC_3", 36.6, 64.92, "T", "DIP", "GND", "GND", "O", 39.37, 70.87, 55.12, 270],
		[236, "USBC_3", 36.6, 64.92, "B", "DIP", "GND", "GND", "O", 39.37, 70.87, 55.12, 270],
		[237, "USBC_4", 201.17, 64.92, "T", "DIP", "GND", "GND", "O", 39.37, 82.68, 66.93, 270],
		[238, "USBC_4", 201.17, 64.92, "B", "DIP", "GND", "GND", "O", 39.37, 82.68, 66.93, 270],
		[239, "USBC_A1-B12", 223.41, 360.99, "T", "SMD", "GND", "GND", "R", 23.62, 45.28, 0, 270],
		[240, "USBC_A4-B9", 223.41, 329.49, "T", "SMD", "C1_2", "", "R", 23.62, 45.28, 0, 270],
		[241, "USBC_A5", 223.41, 284.21, "T", "SMD", "USBC_A5", "", "R", 11.81, 45.28, 0, 270],
		[242, "USBC_A6", 223.41, 244.84, "T", "SMD", "USB_D+_FILT", "", "R", 11.81, 45.28, 0, 270],
		[243, "USBC_A7", 223.41, 225.16, "T", "SMD", "USB_D-_FILT", "", "R", 11.81, 45.28, 0, 270],
		[244, "USBC_A8", 223.41, 185.79, "T", "SMD", "USBC_A8", "", "R", 11.81, 45.28, 0, 270],
		[245, "USBC_B1-A12", 223.41, 109.02, "T", "SMD", "GND", "GND", "R", 23.62, 45.28, 0, 270],
		[246, "USBC_B4-A9", 223.41, 140.51, "T", "SMD", "C1_2", "", "R", 23.62, 45.28, 0, 270],
		[247, "USBC_B5", 223.41, 166.1, "T", "SMD", "USBC_B5", "", "R", 11.81, 45.28, 0, 270],
		[248, "USBC_B6", 223.41, 205.47, "T", "SMD", "USB_D+_FILT", "", "R", 11.81, 45.28, 0, 270],
		[249, "USBC_B7", 223.41, 264.53, "T", "SMD", "USB_D-_FILT", "", "R", 11.81, 45.28, 0, 270],
		[250, "USBC_B8", 223.41, 303.9, "T", "SMD", "USBC_B8", "", "R", 11.81, 45.28, 0, 270],
		[251, "X1_1", 1849.53, 47.6, "T", "SMD", "L2_2", "", "R", 47.24, 43.31, 0, 90],
		[252, "X1_2", 1849.53, 122.4, "T", "SMD", "GND", "GND", "R", 47.24, 43.31, 0, 90],
		[253, "X1_3", 1790.47, 122.4, "T", "SMD", "XTAL_N", "", "R", 47.24, 43.31, 0, 90],
		[254, "X1_4", 1790.47, 47.6, "T", "SMD", "GND", "GND", "R", 47.24, 43.31, 0, 90],
		[255, "PAD1_1", 2165, 305, "B", "SMD", "GND", "GND", "R", 39.37, 106.3, 0, 90]
	]
}
}